onset	duration	trial_type
16.1101787090302	16	12 hz checker
48.1138515472412	16	12 hz checker
80.0258393287659	16	12 hz checker
112.029508590698	16	12 hz checker
144.049852609634	16	12 hz checker
176.045181512833	16	12 hz checker
208.048854112625	16	12 hz checker
