onset	duration	trial_type
16.1433849334717	16	8 hz checker
48.1967926025391	16	8 hz checker
80.2418720722198	16	8 hz checker
112.111926078796	16	8 hz checker
144.123670339584	16	8 hz checker
176.11874628067	16	8 hz checker
208.122151851654	16	8 hz checker
