onset	duration	trial_type
16.143518447876	16	8 hz checker
48.1471834182739	16	8 hz checker
80.0258436203003	16	8 hz checker
112.029509782791	16	8 hz checker
144.024848461151	16	8 hz checker
176.028513669968	16	8 hz checker
208.03218126297	16	8 hz checker
