onset	duration	trial_type
16.0935189723969	16	12 hz checker
48.0138401985168	16	12 hz checker
80.0091819763184	16	12 hz checker
112.004513978958	16	12 hz checker
143.999847888947	16	12 hz checker
176.011848926544	16	12 hz checker
208.007182836533	16	12 hz checker
