onset	duration	trial_type
16.1435170173645	16	8 hz checker
48.1471860408783	16	8 hz checker
80.0175130367279	16	8 hz checker
112.029509067535	16	8 hz checker
144.02484536171	16	8 hz checker
176.028518438339	16	8 hz checker
208.023852109909	16	8 hz checker
