onset	duration	trial_type
16.2767388820648	16	4 hz checker
48.2884922027588	16	4 hz checker
80.03355884552	16	4 hz checker
112.045313596725	16	4 hz checker
144.057066917419	16	4 hz checker
176.0521504879	16	4 hz checker
208.055566072464	16	4 hz checker
