onset	duration	trial_type
16.1017165184021	16	12 hz checker
48.1218044757843	16	12 hz checker
80.1335616111755	16	12 hz checker
112.053639888763	16	12 hz checker
144.065397024155	16	12 hz checker
176.060480833054	16	12 hz checker
208.063901662827	16	12 hz checker
