onset	duration	trial_type
16.1017251014709	16	12 hz checker
48.1301481723785	16	12 hz checker
80.0418910980225	16	12 hz checker
112.045310020447	16	12 hz checker
144.048729419708	16	12 hz checker
176.060482025146	16	12 hz checker
208.072235107422	16	12 hz checker
