onset	duration	trial_type
16.0264303684235	16	40 hz checker
48.0876123905182	16	40 hz checker
80.0737879276276	16	40 hz checker
112.076623439789	16	40 hz checker
144.079468727112	16	40 hz checker
176.073975801468	16	40 hz checker
208.076827287674	16	40 hz checker
