onset	duration	trial_type
16.2681062221527	16	4 hz checker
48.2959568500519	16	4 hz checker
80.0487778186798	16	4 hz checker
112.051622629166	16	4 hz checker
144.054465055466	16	4 hz checker
176.048975229263	16	4 hz checker
208.051816940308	16	4 hz checker
