onset	duration	trial_type
16.1014313697815	16	12 hz checker
48.1376101970673	16	12 hz checker
80.0571129322052	16	12 hz checker
112.059949636459	16	12 hz checker
144.054463148117	16	12 hz checker
176.057299852371	16	12 hz checker
208.051816225052	16	12 hz checker
