onset	duration	trial_type
16.1182446479797	16	12 hz checker
48.0296828746796	16	12 hz checker
80.0327994823456	16	12 hz checker
112.027579784393	16	12 hz checker
144.022363424301	16	12 hz checker
176.025479793549	16	12 hz checker
208.036927938461	16	12 hz checker
