onset	duration	trial_type
16.2765853404999	16	4 hz checker
48.2880311012268	16	4 hz checker
80.299480676651	16	4 hz checker
112.044238090515	16	4 hz checker
144.047358036041	16	4 hz checker
176.050472974777	16	4 hz checker
208.045255899429	16	4 hz checker
