onset	duration	trial_type
16.1099064350128	16	12 hz checker
48.1130192279816	16	12 hz checker
80.0244648456573	16	12 hz checker
112.027582645416	16	12 hz checker
144.039032936096	16	12 hz checker
176.042150020599	16	12 hz checker
208.053600311279	16	12 hz checker
