onset	duration	trial_type
16.0351362228394	16	40 hz checker
48.0720763206482	16	40 hz checker
80.0673310756683	16	40 hz checker
112.070929050446	16	40 hz checker
144.082863092422	16	40 hz checker
176.078125	16	40 hz checker
208.081717014313	16	40 hz checker
