onset	duration	trial_type
16.0517134666443	16	40 hz checker
48.1134533882141	16	40 hz checker
80.100195646286	16	40 hz checker
112.111936330795	16	40 hz checker
144.11533665657	16	40 hz checker
176.110409498215	16	40 hz checker
208.113813400269	16	40 hz checker
