onset	duration	trial_type
16.0933797359467	16	12 hz checker
48.1134567260742	16	12 hz checker
80.133533000946	16	12 hz checker
112.045260190964	16	12 hz checker
144.048662662506	16	12 hz checker
176.043734312057	16	12 hz checker
208.047142744064	16	12 hz checker
