onset	duration	trial_type
16.043509721756	16	40 hz checker
48.0638465881348	16	40 hz checker
80.1091864109039	16	40 hz checker
112.112858295441	16	40 hz checker
144.133195400238	16	40 hz checker
176.18686747551	16	40 hz checker
208.198873281479	16	40 hz checker
