onset	duration	trial_type
16.1018545627594	16	12 hz checker
48.1138517856598	16	12 hz checker
80.0258491039276	16	12 hz checker
112.02951169014	16	12 hz checker
144.033182382584	16	12 hz checker
176.028518676758	16	12 hz checker
208.032187700272	16	12 hz checker
