onset	duration	trial_type
16.0518534183502	16	40 hz checker
48.0805542469025	16	40 hz checker
80.050918340683	16	40 hz checker
112.054617166519	16	40 hz checker
144.058319330215	16	40 hz checker
176.053678750992	16	40 hz checker
208.057378292084	16	40 hz checker
