onset	duration	trial_type
16.0851986408234	16	12 hz checker
48.0305557250977	16	12 hz checker
80.0425872802734	16	12 hz checker
112.037952661514	16	12 hz checker
144.033318519592	16	12 hz checker
176.028682231903	16	12 hz checker
208.040714263916	16	12 hz checker
