onset	duration	trial_type
16.2852158546448	16	4 hz checker
48.3055801391602	16	4 hz checker
80.0509145259857	16	4 hz checker
112.054617643356	16	4 hz checker
144.05831694603	16	4 hz checker
176.053683757782	16	4 hz checker
208.057379961014	16	4 hz checker
