onset	duration	trial_type
16.1018626689911	16	12 hz checker
48.1138966083527	16	12 hz checker
80.0425915718079	16	12 hz checker
112.062959671021	16	12 hz checker
144.066662073135	16	12 hz checker
176.070352554321	16	12 hz checker
208.074050188065	16	12 hz checker
