onset	duration	trial_type
16.043380022049	16	40 hz checker
48.0718095302582	16	40 hz checker
80.0502223968506	16	40 hz checker
112.053642034531	16	40 hz checker
144.048727750778	16	40 hz checker
176.052148580551	16	40 hz checker
208.047236919403	16	40 hz checker
