onset	duration	trial_type
16.0850582122803	16	12 hz checker
48.1134824752808	16	12 hz checker
80.0585544109344	16	12 hz checker
112.07031416893	16	12 hz checker
144.073734283447	16	12 hz checker
176.077148199081	16	12 hz checker
208.088907718658	16	12 hz checker
