onset	duration	trial_type
16.1015658378601	16	12 hz checker
48.1046767234802	16	12 hz checker
80.1077928543091	16	12 hz checker
112.019241571426	16	12 hz checker
144.022356271744	16	12 hz checker
176.025475978851	16	12 hz checker
208.020258665085	16	12 hz checker
