onset	duration	trial_type
16.0265672206879	16	40 hz checker
48.0630204677582	16	40 hz checker
80.0411324501038	16	40 hz checker
112.035913228989	16	40 hz checker
144.039036512375	16	40 hz checker
176.042146682739	16	40 hz checker
208.045260190964	16	40 hz checker
