onset	duration	trial_type
16.1265704631805	16	8 hz checker
48.1713590621948	16	8 hz checker
80.1828103065491	16	8 hz checker
112.185924291611	16	8 hz checker
144.055700778961	16	8 hz checker
176.058813810349	16	8 hz checker
208.061934232712	16	8 hz checker
