onset	duration	trial_type
16.2682576179504	16	4 hz checker
48.0880193710327	16	4 hz checker
80.09947514534	16	4 hz checker
112.094257593155	16	4 hz checker
144.089034557343	16	4 hz checker
176.092150449753	16	4 hz checker
208.086938858032	16	4 hz checker
