onset	duration	trial_type
16.2682504653931	16	4 hz checker
48.2796864509583	16	4 hz checker
80.2827835083008	16	4 hz checker
112.027523040771	16	4 hz checker
144.030632257462	16	4 hz checker
176.025401353836	16	4 hz checker
208.028496980667	16	4 hz checker
