onset	duration	trial_type
16.0432214736938	16	40 hz checker
48.0463213920593	16	40 hz checker
80.0494244098663	16	40 hz checker
112.019190788269	16	40 hz checker
144.022292375565	16	40 hz checker
176.025392532349	16	40 hz checker
208.020161390305	16	40 hz checker
