onset	duration	trial_type
16.1015446186066	16	12 hz checker
48.1046164035797	16	12 hz checker
80.1160142421722	16	12 hz checker
112.119092702866	16	12 hz checker
144.03048825264	16	12 hz checker
176.033559560776	16	12 hz checker
208.03662276268	16	12 hz checker
