onset	duration	trial_type
16.0098741054535	16	8 hz checker
48.0046138763428	16	8 hz checker
79.9910147190094	16	8 hz checker
111.969084262848	16	8 hz checker
143.955486059189	16	8 hz checker
175.941890001297	16	8 hz checker
207.928294897079	16	8 hz checker
