onset	duration	trial_type
16.1350529193878	16	8 hz checker
48.2384753227234	16	8 hz checker
80.150199174881	16	8 hz checker
112.153608798981	16	8 hz checker
144.165343999863	16	8 hz checker
176.16041302681	16	8 hz checker
208.163820981979	16	8 hz checker
