onset	duration	trial_type
16.1017143726349	16	12 hz checker
48.2134654521942	16	12 hz checker
80.1835329532623	16	12 hz checker
112.186938285828	16	12 hz checker
144.207013607025	16	12 hz checker
176.210416316986	16	12 hz checker
208.222162008286	16	12 hz checker
