onset	duration	trial_type
16.2517282962799	16	4 hz checker
48.3051402568817	16	4 hz checker
80.358544588089	16	4 hz checker
112.103590011597	16	4 hz checker
144.115331411362	16	4 hz checker
176.110401391983	16	4 hz checker
208.122145414352	16	4 hz checker
