onset	duration	trial_type
16.1350555419922	16	8 hz checker
48.2134680747986	16	8 hz checker
80.1168587207794	16	8 hz checker
112.120265007019	16	8 hz checker
144.140344142914	16	8 hz checker
176.143747091293	16	8 hz checker
208.155487775803	16	8 hz checker
