onset	duration	trial_type
16.1264305114746	16	12 hz checker
48.1292514801025	16	12 hz checker
80.1320884227753	16	12 hz checker
112.001565217972	16	12 hz checker
144.004393100739	16	12 hz checker
176.015552282333	16	12 hz checker
208.010054349899	16	12 hz checker
