onset	duration	trial_type
16.0347487926483	16	40 hz checker
48.0542488098145	16	40 hz checker
80.0320789813995	16	40 hz checker
112.034899234772	16	40 hz checker
144.037734746933	16	40 hz checker
176.032228946686	16	40 hz checker
208.03505730629	16	40 hz checker
